#latency,transport,size_bytes,wait,rate_hz,samples,p50_us,p90_us,p99_us,p999_us,max_us,sub_cpu_pct
latency,devbus-loan,64,futex,1000,5000,5.96,6.15,6.37,7.72,12.31,0.5
latency,devbus-copy,64,futex,1000,5000,5.98,6.18,6.43,7.74,8.57,0.6
latency,uds,64,blocking-read,1000,5000,9.55,10.02,10.46,12.67,67.03,0.7
latency,devbus-loan,65536,futex,1000,5000,5.93,6.15,6.39,8.67,33.26,0.5
latency,devbus-copy,65536,futex,1000,5000,11.72,12.05,12.37,13.94,22.24,0.6
latency,uds,65536,blocking-read,1000,5000,26.72,28.94,33.42,57.18,64.65,1.9
latency,devbus-loan,1048576,futex,100,500,6.42,6.89,8.69,11.13,11.13,0.1
latency,devbus-copy,1048576,futex,100,500,141.05,142.77,150.83,187.42,187.42,0.1
latency,uds,1048576,blocking-read,100,500,249.05,258.70,284.31,456.50,456.50,2.2
latency,devbus-loan,4194304,futex,100,500,6.22,6.48,8.28,10.02,10.02,0.1
latency,devbus-copy,4194304,futex,100,500,662.67,672.85,699.70,761.24,761.24,0.1
latency,uds,4194304,blocking-read,100,500,1630.09,1810.94,2044.73,2338.93,2338.93,13.3
